"metadata.Content-Encoding",29744837
"metadata.X-Parsed-By",29744837
"metadata.Content-Type",29744837
"references",29744837
"content",29744837
"urls",29744837
"metadata.resourceName",29744837
"size",29744837
"last-seen",29475272
"first-seen",29469856
"language.rawScore",29372400
"language.language",29372400
"language.confidence",29372400
"ipfs_tika_version",29372379
"metadata.title",22928620
"metadata.dc:title",22928522
"metadata.viewport",21693809
"metadata.Content-Language",5847782
"metadata.Content-Type-Hint",5353546
"metadata.og:title",5151188
"metadata.description",5124680
"metadata.refresh",5033222
"metadata.mw:PageProp/categorydefaultsort",4784727
"metadata.og:description",4725102
"metadata.og:url",4674760
"metadata.twitter:card",4405547
"metadata.og:image",4308815
"metadata.og:site_name",3969629
"metadata.theme-color",3893152
"metadata.twitter:image",3840758
"metadata.twitter:title",3783685
"metadata.twitter:description",3724293
"metadata.msapplication-TileColor",3084030
"metadata.X-UA-Compatible",2842134
"metadata.geo.position",2676635
"metadata.application-name",2655862
"metadata.keywords",2425087
"metadata.og:type",2424680
"metadata.msapplication-square150x150logo",2136601
"metadata.msapplication-square70x70logo",2136585
"metadata.msapplication-square310x310logo",2136501
"metadata.msapplication-wide310x150logo",2136422
"metadata.generator",1706973
"metadata.mw:PageProp/displaytitle",1493797
"metadata.author",950690
"metadata.twitter:site",890014
"metadata.article:published_time",863812
"metadata.og:locale",778974
"metadata.article:modified_time",681097
"metadata.x-ua-compatible",673293
"metadata.twitter:creator",632759
"metadata.twitter:url",600038
"metadata.article:tag",577309
"metadata.apple-mobile-web-app-title",541604
"metadata.robots",527866
"metadata.twitter:label1",481068
"metadata.og:image:height",384619
"metadata.twitter:data2",370745
"metadata.og:image:width",369856
"metadata.next-head-count",360492
"metadata.twitter:label2",345919
"metadata.msapplication-TileImage",296582
"metadata.referrer",280063
"metadata.article:section",274426
"metadata.og:image:type",270542
"metadata.fb:app_id",268136
"metadata.apple-mobile-web-app-status-bar-style",252594
"metadata.og:image:alt",248636
"metadata.google-site-verification",241999
"metadata.yandex-verification",234650
"metadata.baidu-site-verification",232972
"metadata.msapplication-config",232673
"metadata.article:author",231622
"metadata.naver-site-verification",224237
"metadata.HandheldFriendly",222370
"metadata.article:publisher",212517
"metadata.twitter:data1",211365
"metadata.msvalidate.01",177402
"metadata.Content-Location",174721
"metadata.og:updated_time",172356
"metadata.image",163871
"metadata.news_keywords",163131
"metadata.docsearch:language",123147
"metadata.MobileOptimized",119259
"metadata.docusaurus_tag",103014
"metadata.docusaurus_locale",101875
"metadata.docsearch:docusaurus_tag",100602
"metadata.apple-mobile-web-app-capable",100488
"metadata.googlebot",97528
"metadata.Keywords",90908
"metadata.docusaurus_version",89247
"metadata.docsearch:version",88326
"metadata.x-stylesheet-fallback-test",77468
"metadata.Description",76256
"metadata.mobile-web-app-capable",74994
"metadata.twitter:image:src",72241
"metadata.ResourceLoaderDynamicStyles",67617
"metadata.format-detection",61725
"metadata.cache-control",57512
"metadata.amp-ad-enable-refresh",51201
"metadata.ROBOTS",46648
"metadata.pragma",46301
"metadata.expires",46034
"metadata.twitter:image:alt",43638
"metadata.Author",42526
"metadata.twitter:domain",37516
"metadata.copyright",36768
"metadata.url",35947
"metadata.Cache-Control",32597
"metadata.Subject",31472
"metadata.the-grid-solution",29457
"metadata.og:image:secure_url",29208
"metadata.msapplication-starturl",28141
"metadata.geo.placename",26722
"metadata.Refresh",23871
"metadata.GENERATOR",20255
"metadata.onion-location",19893
"metadata.renderer",19050
"metadata.thumbnail",16606
"metadata.og:locale:alternate",15266
"metadata.msapplication-navbutton-color",14704
"metadata.Content-Security-Policy",13815
"metadata.google",13746
"metadata.flattr:id",13120
"metadata.content-language",12481
"metadata.bingbot",12438
"metadata.geo.region",12003
"metadata.ICBM",11939
"metadata.fb:admins",11735
"metadata.dc.date.modified",11624
"metadata.geo:long",11622
"metadata.geo:lat",11622
"metadata.dcterms.Publisher",11617
"metadata.dcterms.Description",11617
"metadata.dcterms.Date",11617
"metadata.dcterms.Type",11617
"metadata.dcterms.Title",11617
"metadata.dcterms.Relation",11617
"metadata.dcterms.Format",11617
"metadata.dcterms.Rights",11617
"metadata.dcterms.Identifier",11617
"metadata.dcterms.Contributor",11617
"metadata.dcterms.Coverage",11617
"metadata.dcterms.Subject",11616
"metadata.language",10973
"metadata.position",10037
"metadata.color-scheme",10005
